id,call_id,transcript_text,raw,created_at,segments,language,updated_at
816ea116-8aa0-47f5-8e43-199a09f44111,0059c4f3-c10a-40e6-88f2-2bf05cd12731,"Rep: Hello David, this is Emma Rodriguez from FinanceHub. Thanks for scheduling this call with me.

Customer: Hi Emma, yes, I've been looking into your platform for our accounting needs.

Rep: Wonderful! Before we dive in, I'd love to understand more about your current setup. What's working well, and what's not working so well with your current accounting system?

Customer: We're using QuickBooks right now. It's okay for basic stuff, but we struggle with multi-currency transactions since we work with international clients. Also, the reporting features are pretty limited.

Rep: Got it. So multi-currency support and advanced reporting are key priorities. How many international transactions would you say you process monthly?

Customer: We're handling around 200-300 transactions, and it's growing. We've been managing with workarounds but it's becoming a headache.

Rep: That volume definitely justifies a more sophisticated solution. When you say workarounds, what does that look like?

Customer: We're manually reconciling a lot of transactions and exporting data to Excel for more detailed analysis. It takes our accounting team probably 10-15 hours a week.

Rep: That's significant time that could be better spent on strategic initiatives. What would it mean to your business if you could cut that time in half?

Customer: That would actually free up resources for other priorities. We've been wanting to do more financial forecasting.

Rep: Perfect! That's exactly what advanced accounting platforms enable. Based on what you've shared, it sounds like the right time to evaluate a solution. What's your timeline for making a decision?

Customer: We're looking to implement something in the next quarter.

Rep: Excellent. Let me ask - if we could demonstrate how to handle all those multi-currency scenarios automatically and cut your reconciliation time in half, would that be worth a detailed discussion with your team?

Customer: Absolutely. That would be very valuable.

Rep: Great! I'll set up a personalized demo for you and your team. I'll also prepare a cost-benefit analysis showing your potential time savings. How does next Wednesday look?

Customer: Next Wednesday works perfectly. Please send me a calendar invite.

Rep: Will do! I'm excited to show you how FinanceHub can streamline your operations. Talk soon, David!

Customer: Thanks, Emma. Looking forward to it!",,2026-01-28 08:54:14.548893+00,"[{""text"":""Hello David, this is Emma Rodriguez from FinanceHub. Thanks for scheduling this call with me."",""speaker"":""Rep"",""timestamp"":""0:00""},{""text"":""Hi Emma, yes, I have been looking into your platform for our accounting needs."",""speaker"":""Customer"",""timestamp"":""0:05""},{""text"":""Excellent! Before I dive into our solution, can you walk me through your current accounting workflow and what is working well versus what is not?"",""speaker"":""Rep"",""timestamp"":""0:10""},{""text"":""Sure. We are using QuickBooks right now, and while it is okay for basic bookkeeping, we struggle with real-time reporting and multi-currency support."",""speaker"":""Customer"",""timestamp"":""0:19""},{""text"":""I see. Tell me more about the multi-currency challenges. How many currencies do you deal with?"",""speaker"":""Rep"",""timestamp"":""0:29""},{""text"":""We operate in five countries, so we deal with USD, EUR, GBP, JPY, and AUD. The currency conversions and reporting are a nightmare."",""speaker"":""Customer"",""timestamp"":""0:35""},{""text"":""That sounds really painful. How much time is your finance team spending on manual currency reconciliation each month?"",""speaker"":""Rep"",""timestamp"":""0:43""},{""text"":""Probably 40-50 hours. It is killing our productivity."",""speaker"":""Customer"",""timestamp"":""0:50""},{""text"":""Wow, that is significant. At an average finance salary, that is costing you thousands in labor alone. What would it mean for your business if you could automate that entirely?"",""speaker"":""Rep"",""timestamp"":""0:54""},{""text"":""It would be huge. We could reallocate that time to strategic analysis instead of data entry."",""speaker"":""Customer"",""timestamp"":""1:04""},{""text"":""Exactly. Our platform handles multi-currency automatically with real-time exchange rates. You mentioned real-time reporting - what specific reports do you need?"",""speaker"":""Rep"",""timestamp"":""1:10""},{""text"":""Cash flow projections, P&L by region, and consolidated balance sheets. Right now we have to wait until month-end to get accurate numbers."",""speaker"":""Customer"",""timestamp"":""1:20""},{""text"":""Got it. With FinanceHub, all of those reports are available in real-time, 24/7. You can even set up automated alerts when cash flow drops below certain thresholds. Would that be valuable?"",""speaker"":""Rep"",""timestamp"":""1:29""},{""text"":""Definitely. But I am concerned about the cost. We are a mid-sized company and budget is tight right now."",""speaker"":""Customer"",""timestamp"":""1:40""},{""text"":""I totally understand budget concerns. Let me ask you this - you mentioned 50 hours per month on manual work. If we could save you that time, what is that worth to your organization?"",""speaker"":""Rep"",""timestamp"":""1:47""},{""text"":""Well, if we are paying our finance team an average of $60 per hour, that is $3,000 per month in labor costs alone."",""speaker"":""Customer"",""timestamp"":""1:58""},{""text"":""Exactly. Our platform for a company your size would be around $1,200 per month. So you would actually save $1,800 per month while getting better insights. Does that change the equation?"",""speaker"":""Rep"",""timestamp"":""2:05""},{""text"":""When you put it that way, yes. That is a strong ROI. What is the implementation timeline?"",""speaker"":""Customer"",""timestamp"":""2:17""},{""text"":""Great question. For a company your size, implementation typically takes 2-3 weeks. We handle the data migration and provide training for your team. What is your ideal go-live date?"",""speaker"":""Rep"",""timestamp"":""2:22""},{""text"":""We would want to start at the beginning of next quarter, so about 6 weeks from now."",""speaker"":""Customer"",""timestamp"":""2:33""},{""text"":""Perfect, that gives us plenty of time. Would it make sense to schedule a technical walkthrough with your CFO and finance team next week?"",""speaker"":""Rep"",""timestamp"":""2:39""},{""text"":""Yes, let me coordinate with them and get back to you with some times."",""speaker"":""Customer"",""timestamp"":""2:47""},{""text"":""Excellent! I will send you a follow-up email with some proposed times and a demo link. Looking forward to working with you, David."",""speaker"":""Rep"",""timestamp"":""2:52""},{""text"":""Thanks Emma, talk soon!"",""speaker"":""Customer"",""timestamp"":""3:00""}]",en,2026-01-28 08:54:14.548893+00
ddb2a3a7-9145-41be-8172-9b9cf6153d87,db08c1e9-e68a-4cea-b9c1-efe1c7ba012a,"Rep: Good morning, this is Sarah Johnson from TechSolutions. Am I speaking with Michael Chen?

Customer: Yes, that's me. Hi Sarah.

Rep: Great! Thanks for taking my call, Michael. I see you recently downloaded our whitepaper on cloud migration strategies. How's your company currently handling data storage?

Customer: We're using a mix of on-premise servers and some basic cloud storage. It's becoming a bit of a headache to manage, honestly.

Rep: I completely understand. Many of our clients were in a similar position before they switched. Can you tell me more about the specific challenges you're facing?

Customer: Well, our IT team spends a lot of time on maintenance, and we've had a couple of near-misses with data security. Plus, our costs keep climbing.

Rep: Those are exactly the pain points we help solve. Based on what you're telling me, it sounds like you have about 50-100 employees. Is that right?

Customer: Actually, we're closer to 200 now. We've grown pretty fast in the last year.

Rep: That's fantastic growth! Congratulations. With that size, you'd definitely benefit from our Enterprise plan. It includes 24/7 support, automated backups, and enterprise-grade security. May I ask, what's your timeline for making a decision on this?

Customer: We're hoping to have something in place by end of Q1. So about two months from now.

Rep: Perfect timing. Our implementation typically takes 3-4 weeks. I'd love to set up a demo for you and your IT lead next week. How does Tuesday or Wednesday look for you?

Customer: Tuesday could work. What time?

Rep: How about 2 PM EST? I'll send you a calendar invite with a custom demo link.

Customer: Sounds good, Sarah. I'll make sure our CTO joins as well.

Rep: Excellent! I'll also send over a couple of case studies from companies in your industry. Looking forward to showing you how we can solve those pain points. Have a great day, Michael!

Customer: Thanks, you too!",,2026-01-28 08:54:15.365841+00,"[{""text"":""Good morning, this is Sarah Johnson from TechSolutions. Am I speaking with Michael Chen?"",""speaker"":""Rep"",""timestamp"":""0:00""},{""text"":""Yes, that is me. Hi Sarah."",""speaker"":""Customer"",""timestamp"":""0:05""},{""text"":""Great! Thanks for taking my call, Michael. I see you recently downloaded our whitepaper on cloud migration strategies. What challenges are you currently facing with your infrastructure?"",""speaker"":""Rep"",""timestamp"":""0:06""},{""text"":""Well, we are running into scalability issues. Our current setup cannot handle the growth we are experiencing."",""speaker"":""Customer"",""timestamp"":""0:17""},{""text"":""I understand. Can you tell me more about what specific bottlenecks you are seeing?"",""speaker"":""Rep"",""timestamp"":""0:23""},{""text"":""Our database performance degrades significantly during peak hours, and our deployment process takes too long."",""speaker"":""Customer"",""timestamp"":""0:28""},{""text"":""That sounds frustrating. How is this impacting your business operations?"",""speaker"":""Rep"",""timestamp"":""0:34""},{""text"":""We are losing customers due to slow response times, and our development team is spending too much time on infrastructure instead of features."",""speaker"":""Customer"",""timestamp"":""0:38""},{""text"":""I see. What solutions have you explored so far?"",""speaker"":""Rep"",""timestamp"":""0:46""},{""text"":""We looked at AWS and Azure, but the complexity is overwhelming. We need something more managed."",""speaker"":""Customer"",""timestamp"":""0:49""},{""text"":""That makes sense. Our platform is designed specifically for companies in your situation. We handle all the infrastructure complexity while you focus on your application. How many users are you supporting currently?"",""speaker"":""Rep"",""timestamp"":""0:54""},{""text"":""About 50,000 active users, but we are growing at 20% month over month."",""speaker"":""Customer"",""timestamp"":""1:06""},{""text"":""Impressive growth! Our platform scales automatically to handle that kind of growth. What is your timeline for making a decision?"",""speaker"":""Rep"",""timestamp"":""1:10""},{""text"":""We need to move quickly. Probably within the next quarter."",""speaker"":""Customer"",""timestamp"":""1:17""},{""text"":""Perfect. Let me show you how we can help. But first, this seems expensive compared to what we are currently paying. What is the actual cost?"",""speaker"":""Rep"",""timestamp"":""1:20""},{""text"":""This seems expensive compared to what we are currently paying. What is the actual cost?"",""speaker"":""Customer"",""timestamp"":""1:28""},{""text"":""Great question. While our base price might seem higher, most of our customers actually save money because we eliminate the need for dedicated DevOps staff. What are you currently spending on infrastructure and DevOps combined?"",""speaker"":""Rep"",""timestamp"":""1:33""},{""text"":""About $15,000 per month total."",""speaker"":""Customer"",""timestamp"":""1:45""},{""text"":""Our solution would be around $12,000 per month for your scale, and that includes 24/7 support and automatic scaling. Plus, your DevOps team can focus on higher-value work. Does that help clarify the value?"",""speaker"":""Rep"",""timestamp"":""1:47""},{""text"":""Yes, that actually makes sense when you put it that way."",""speaker"":""Customer"",""timestamp"":""1:59""},{""text"":""Excellent. Would it make sense to schedule a technical demo with your engineering team next week?"",""speaker"":""Rep"",""timestamp"":""2:02""},{""text"":""Yes, let me check my calendar. How about Tuesday at 2 PM?"",""speaker"":""Customer"",""timestamp"":""2:08""},{""text"":""Perfect! I will send you a calendar invite. Looking forward to showing you what we can do, Michael."",""speaker"":""Rep"",""timestamp"":""2:11""},{""text"":""Sounds good, Sarah. Talk to you then."",""speaker"":""Customer"",""timestamp"":""2:16""}]",en,2026-01-28 08:54:15.365841+00
e835faed-eee0-4e22-a26f-881e6f0056c9,558474e6-46db-4763-b893-49e61d3b86f7,"Rep: Hi, is this Jennifer?

Customer: Yes, who's calling?

Rep: This is Tom from MarketPro. I wanted to talk to you about our marketing automation software.

Customer: I'm actually pretty busy right now. Can you send me an email instead?

Rep: I understand you're busy, but this will only take a minute. We have a special promotion running this week—

Customer: Look, I really don't have time for a sales pitch right now.

Rep: I get it, but our software has helped hundreds of companies increase their ROI by up to 300%. Don't you want to hear how?

Customer: Not really. We already use a marketing platform and we're happy with it.

Rep: But have you considered the features we offer? We have AI-powered email campaigns, social media scheduling, and analytics dashboards. What platform are you using now?

Customer: I don't think I need to share that. I'm sorry, but I really need to go.

Rep: Wait, wait. What if I could get you a 20% discount? Our manager approved it for this week only.

Customer: I appreciate the offer, but I'm not interested. Please remove me from your call list.

Rep: Are you sure? This is a limited-time offer and—

Customer: Yes, I'm sure. Goodbye.",,2026-01-28 08:54:14.956503+00,"[{""text"":""Hi, is this Jennifer?"",""speaker"":""Rep"",""timestamp"":""0:00""},{""text"":""Yes, who is calling?"",""speaker"":""Customer"",""timestamp"":""0:01""},{""text"":""This is Tom from MarketPro. I wanted to talk to you about our marketing automation software. Do you have a few minutes?"",""speaker"":""Rep"",""timestamp"":""0:03""},{""text"":""I guess so. What is this about?"",""speaker"":""Customer"",""timestamp"":""0:12""},{""text"":""We have this great marketing automation tool that can help your business. It has email campaigns, social media posting, and analytics."",""speaker"":""Rep"",""timestamp"":""0:14""},{""text"":""Okay, but we already use HubSpot for that."",""speaker"":""Customer"",""timestamp"":""0:24""},{""text"":""Oh. Well, our tool is better. It has more features."",""speaker"":""Rep"",""timestamp"":""0:27""},{""text"":""Like what? Can you be more specific?"",""speaker"":""Customer"",""timestamp"":""0:31""},{""text"":""Um, well, it has AI-powered recommendations and stuff. Do you like our product?"",""speaker"":""Rep"",""timestamp"":""0:34""},{""text"":""I do not even know what your product does yet. This sounds expensive. How much does it cost?"",""speaker"":""Customer"",""timestamp"":""0:40""},{""text"":""The pricing starts at $500 per month."",""speaker"":""Rep"",""timestamp"":""0:46""},{""text"":""That is way more than we are paying now. Why would we switch?"",""speaker"":""Customer"",""timestamp"":""0:49""},{""text"":""Because it is better? I mean, it has more features."",""speaker"":""Rep"",""timestamp"":""0:54""},{""text"":""I need to think about it and discuss with my team. This is not a good time."",""speaker"":""Customer"",""timestamp"":""0:58""},{""text"":""Okay, when would be a better time?"",""speaker"":""Rep"",""timestamp"":""1:03""},{""text"":""I am not sure. We are pretty happy with our current solution."",""speaker"":""Customer"",""timestamp"":""1:06""},{""text"":""Alright. Should I follow up next month?"",""speaker"":""Rep"",""timestamp"":""1:11""},{""text"":""Maybe. I have to go now."",""speaker"":""Customer"",""timestamp"":""1:14""},{""text"":""Okay, thanks for your time."",""speaker"":""Rep"",""timestamp"":""1:16""}]",en,2026-01-28 08:54:14.956503+00